algorithm,fit_time,score_time,F1_cv,recall_cv,precision_cv,accuracy_cv,accuracy_val,precision_val,recall_val,f1_val,matthews_corrcoef_val,sensitivity,specificity
SVC,0.013765573501586914,0.010051441192626954,0.8166302646145713,0.8184513006654566,0.8300350856430712,0.8184513006654566,0.7804878048780488,0.803921568627451,0.7068965517241379,0.7522935779816514,0.560381833617661,0.7068965517241379,0.8461538461538461
KNN,0.00389251708984375,0.010097265243530273,0.7826014436721542,0.7836660617059892,0.7882227338845804,0.7836660617059892,0.7317073170731707,0.6865671641791045,0.7931034482758621,0.736,0.47115263854647677,0.7931034482758621,0.676923076923077
DecisionTree,0.011259126663208007,0.006861114501953125,0.7497208593015516,0.7520266182698124,0.7584067354656299,0.7520266182698124,0.7642276422764228,0.7230769230769231,0.8103448275862069,0.7642276422764228,0.53342175066313,0.8103448275862069,0.7230769230769231
RandomForest,0.1282120704650879,0.010087347030639649,0.8250900883712399,0.8254688445251059,0.8291549709952614,0.8254688445251059,0.7967479674796748,0.7894736842105263,0.7758620689655172,0.782608695652174,0.5918750019390696,0.7758620689655172,0.8153846153846154
AdaBoost,0.13137779235839844,0.012691593170166016,0.7897570435352623,0.7905021173623715,0.7928908766689113,0.7905021173623715,0.8211382113821138,0.8103448275862069,0.8103448275862069,0.8103448275862069,0.6411140583554377,0.8103448275862069,0.8307692307692308
GradientBoosting,0.48140769004821776,0.006695556640625,0.8072718248690789,0.807924984875983,0.8106565523038997,0.807924984875983,0.8455284552845529,0.8545454545454545,0.8103448275862069,0.831858407079646,0.6900188210607466,0.8103448275862069,0.8769230769230769
ExtraTrees-ensemble,0.09491157531738281,0.010161018371582032,0.8213867040080449,0.8220205686630369,0.8262061732509307,0.8220205686630369,0.8292682926829268,0.8363636363636363,0.7931034482758621,0.8141592920353983,0.6572622348042928,0.7931034482758621,0.8615384615384616
