algorithm,fit_time,score_time,F1_cv,recall_cv,precision_cv,accuracy_cv,accuracy_val,precision_val,recall_val,f1_val,matthews_corrcoef_val,sensitivity,specificity
SVC,0.010182046890258789,0.011015939712524413,0.697456337940747,0.6993345432546885,0.7057085447899428,0.6993345432546885,0.6585365853658537,0.625,0.6896551724137931,0.6557377049180327,0.3201697275010997,0.6896551724137931,0.6307692307692307
KNN,0.003646564483642578,0.010019063949584961,0.7672913125499088,0.7693889897156685,0.7798303932957934,0.7693889897156685,0.7804878048780488,0.7540983606557377,0.7931034482758621,0.773109243697479,0.5614413867490021,0.7931034482758621,0.7692307692307693
DecisionTree,0.010341882705688477,0.007071542739868164,0.7971977420616685,0.7975801572897762,0.7995562301495273,0.7975801572897762,0.7723577235772358,0.7419354838709677,0.7931034482758621,0.7666666666666667,0.5460811978662464,0.7931034482758621,0.7538461538461538
RandomForest,0.127717924118042,0.010323047637939453,0.8040149050148766,0.8045977011494253,0.8066928020232862,0.8045977011494253,0.7967479674796748,0.7894736842105263,0.7758620689655172,0.782608695652174,0.5918750019390696,0.7758620689655172,0.8153846153846154
AdaBoost,0.13181991577148439,0.013001060485839844,0.7753757383169045,0.7764670296430732,0.7802811841352818,0.7764670296430732,0.7479674796747967,0.7288135593220338,0.7413793103448276,0.7350427350427351,0.49483185533489493,0.7413793103448276,0.7538461538461538
GradientBoosting,0.468267822265625,0.006714010238647461,0.8003071642718831,0.8009074410163339,0.8033439761916842,0.8009074410163339,0.8130081300813008,0.8070175438596491,0.7931034482758621,0.8,0.6245356682641058,0.7931034482758621,0.8307692307692308
ExtraTrees-ensemble,0.09757180213928222,0.010565567016601562,0.8217615491476608,0.8220205686630369,0.8242957739721394,0.8220205686630369,0.8211382113821138,0.8,0.8275862068965517,0.8135593220338984,0.6421197685365116,0.8275862068965517,0.8153846153846154
