algorithm,fit_time,score_time,F1_cv,recall_cv,precision_cv,accuracy_cv,accuracy_val,precision_val,recall_val,f1_val,matthews_corrcoef_val,sensitivity,specificity
SVC,0.011141824722290038,0.01542835235595703,0.4770105287419554,0.5595281306715063,0.5335539559823617,0.5595281306715063,0.5853658536585366,0.5443037974683544,0.7413793103448276,0.6277372262773723,0.19530297318827533,0.7413793103448276,0.4461538461538462
KNN,0.002525520324707031,0.009807968139648437,0.7665457410221518,0.7693889897156684,0.7854806111881134,0.7693889897156684,0.7560975609756098,0.75,0.7241379310344828,0.7368421052631579,0.5099722126027891,0.7241379310344828,0.7846153846153846
DecisionTree,0.028993654251098632,0.005696392059326172,0.7329911704967509,0.7343617664851784,0.7379424705872807,0.7343617664851784,0.7560975609756098,0.7413793103448276,0.7413793103448276,0.7413793103448276,0.5106100795755968,0.7413793103448276,0.7692307692307693
RandomForest,0.20455851554870605,0.008982610702514649,0.796905380339986,0.797459165154265,0.8025156904487132,0.797459165154265,0.8373983739837398,0.8653846153846154,0.7758620689655172,0.8181818181818182,0.6751910023586606,0.7758620689655172,0.8923076923076924
AdaBoost,0.3470003128051758,0.011931848526000977,0.8183471401971391,0.8184513006654568,0.8204895105295096,0.8184513006654568,0.7886178861788617,0.7666666666666667,0.7931034482758621,0.7796610169491526,0.5769541484622617,0.7931034482758621,0.7846153846153846
GradientBoosting,1.5689753532409667,0.006031179428100586,0.7971051383247391,0.797459165154265,0.8012136448361401,0.797459165154265,0.8048780487804879,0.8035714285714286,0.7758620689655172,0.7894736842105263,0.6080846977177158,0.7758620689655172,0.8307692307692308
ExtraTrees-ensemble,0.09208598136901855,0.009003257751464844,0.8037160786652052,0.8045372050816697,0.809960007351075,0.8045372050816697,0.8292682926829268,0.8490566037735849,0.7758620689655172,0.8108108108108109,0.6580425608335816,0.7758620689655172,0.8769230769230769
