algorithm,fit_time,score_time,F1_cv,recall_cv,precision_cv,accuracy_cv,accuracy_val,precision_val,recall_val,f1_val,matthews_corrcoef_val,sensitivity,specificity
SVC,0.022003602981567384,0.017323827743530272,0.5152356221275758,0.5625529340592862,0.6086984249485381,0.5625529340592862,0.5691056910569106,0.5280898876404494,0.8103448275862069,0.6394557823129252,0.1832675238450858,0.8103448275862069,0.35384615384615387
KNN,0.007696819305419922,0.015828514099121095,0.7439146915435628,0.7449485783424078,0.7457515326490641,0.7449485783424078,0.7804878048780488,0.7313432835820896,0.8448275862068966,0.784,0.5692651236614034,0.8448275862068966,0.7230769230769231
DecisionTree,0.11755132675170898,0.009765911102294921,0.7404506804287577,0.7411373260738052,0.7435862658707535,0.7411373260738052,0.7642276422764228,0.7735849056603774,0.7068965517241379,0.7387387387387387,0.5264875263231703,0.7068965517241379,0.8153846153846154
RandomForest,0.37676010131835935,0.014352941513061523,0.800035177986099,0.8008469449485783,0.8039471024509458,0.8008469449485783,0.8617886178861789,0.8596491228070176,0.8448275862068966,0.8521739130434782,0.7225176672392142,0.8448275862068966,0.8769230769230769
AdaBoost,1.5224146842956543,0.01787877082824707,0.7757383247602287,0.7762250453720508,0.778103482961366,0.7762250453720508,0.8292682926829268,0.8032786885245902,0.8448275862068966,0.8235294117647058,0.6591639677444653,0.8448275862068966,0.8153846153846154
GradientBoosting,7.507300662994385,0.009274816513061524,0.8036176884356229,0.804174228675136,0.8062389031617707,0.804174228675136,0.8536585365853658,0.8571428571428571,0.8275862068965517,0.8421052631578947,0.7061971828326423,0.8275862068965517,0.8769230769230769
ExtraTrees-ensemble,0.12235465049743652,0.013071012496948243,0.8178244006040675,0.8183303085299455,0.8200073217556412,0.8183303085299455,0.8617886178861789,0.8596491228070176,0.8448275862068966,0.8521739130434782,0.7225176672392142,0.8448275862068966,0.8769230769230769
