algorithm,fit_time,score_time,F1_cv,recall_cv,precision_cv,accuracy_cv,accuracy_val,precision_val,recall_val,f1_val,matthews_corrcoef_val,sensitivity,specificity
SVC,0.008559417724609376,0.008669185638427734,0.7415050780802889,0.7450695704779189,0.7568215478049016,0.7450695704779189,0.7317073170731707,0.7192982456140351,0.7068965517241379,0.7130434782608696,0.46123233663892504,0.7068965517241379,0.7538461538461538
KNN,0.0027858734130859373,0.008268451690673828,0.76112335403679,0.7626134301270417,0.767713492711063,0.7626134301270417,0.7804878048780488,0.7540983606557377,0.7931034482758621,0.773109243697479,0.5614413867490021,0.7931034482758621,0.7692307692307693
DecisionTree,0.01067194938659668,0.005237007141113281,0.7827982386664603,0.7834845735027223,0.7857052673603636,0.7834845735027223,0.8292682926829268,0.8032786885245902,0.8448275862068966,0.8235294117647058,0.6591639677444653,0.8448275862068966,0.8153846153846154
RandomForest,0.12861199378967286,0.008309507369995117,0.8145811690215279,0.8150635208711435,0.8175601607842241,0.8150635208711435,0.7967479674796748,0.8,0.7586206896551724,0.7787610619469026,0.5917490622913852,0.7586206896551724,0.8307692307692308
AdaBoost,0.12685747146606446,0.010582304000854493,0.7970225487993202,0.7973986690865094,0.7990594916383058,0.7973986690865094,0.8211382113821138,0.8214285714285714,0.7931034482758621,0.8070175438596491,0.6407888594226913,0.7931034482758621,0.8461538461538461
GradientBoosting,0.43671669960021975,0.0054549694061279295,0.8036898854804282,0.8044767090139141,0.8074657671930812,0.8044767090139141,0.7967479674796748,0.7796610169491526,0.7931034482758621,0.7863247863247863,0.5926320452752143,0.7931034482758621,0.8
ExtraTrees-ensemble,0.09071402549743653,0.00803079605102539,0.8108128607196285,0.8114942528735632,0.8151980309559438,0.8114942528735632,0.8211382113821138,0.8,0.8275862068965517,0.8135593220338984,0.6421197685365116,0.8275862068965517,0.8153846153846154
