algorithm,fit_time,score_time,F1_cv,recall_cv,precision_cv,accuracy_cv,accuracy_val,precision_val,recall_val,f1_val,matthews_corrcoef_val,sensitivity,specificity
SVC,0.0028178215026855467,0.00453028678894043,0.7934592424138966,0.7937689050211737,0.7954196659923198,0.7937689050211737,0.7723577235772358,0.734375,0.8103448275862069,0.7704918032786885,0.5483701706951781,0.8103448275862069,0.7384615384615385
KNN,0.0011297225952148437,0.010932254791259765,0.7821279036886822,0.7834845735027223,0.7861711223326469,0.7834845735027223,0.8373983739837398,0.796875,0.8793103448275862,0.8360655737704918,0.6787704239489373,0.8793103448275862,0.8
DecisionTree,0.0042016029357910155,0.004574918746948242,0.8217981172862958,0.8220205686630369,0.8234917516348151,0.8220205686630369,0.7804878048780488,0.746031746031746,0.8103448275862069,0.7768595041322314,0.5634442028371124,0.8103448275862069,0.7538461538461538
RandomForest,0.11598477363586426,0.0072730064392089845,0.8635394162037373,0.8638233514821536,0.8654897277458602,0.8638233514821536,0.8292682926829268,0.8135593220338984,0.8275862068965517,0.8205128205128205,0.6578321719020939,0.8275862068965517,0.8307692307692308
AdaBoost,0.0659987449645996,0.008258581161499023,0.7861585948904177,0.7867513611615246,0.7888299621980319,0.7867513611615246,0.7804878048780488,0.746031746031746,0.8103448275862069,0.7768595041322314,0.5634442028371124,0.8103448275862069,0.7538461538461538
GradientBoosting,0.14290771484375,0.004271936416625976,0.8634046647528162,0.8638233514821538,0.8658489403576926,0.8638233514821538,0.8292682926829268,0.7936507936507936,0.8620689655172413,0.8264462809917356,0.6611926329484873,0.8620689655172413,0.8
ExtraTrees-ensemble,0.0725468635559082,0.007013797760009766,0.8562820520599546,0.8568663036902601,0.8608704664126623,0.8568663036902601,0.8617886178861789,0.8596491228070176,0.8448275862068966,0.8521739130434782,0.7225176672392142,0.8448275862068966,0.8769230769230769
