algorithm,fit_time,score_time,F1_cv,recall_cv,precision_cv,accuracy_cv,accuracy_val,precision_val,recall_val,f1_val,matthews_corrcoef_val,sensitivity,specificity
SVC,0.010868453979492187,0.013147640228271484,0.7359726410622868,0.7379310344827588,0.7532017668257783,0.7379310344827588,0.6991869918699187,0.6909090909090909,0.6551724137931034,0.672566371681416,0.3952095447526623,0.6551724137931034,0.7384615384615385
KNN,0.003006744384765625,0.010915470123291016,0.8207617987987778,0.8215970961887477,0.8247163768594172,0.8215970961887477,0.7886178861788617,0.7666666666666667,0.7931034482758621,0.7796610169491526,0.5769541484622617,0.7931034482758621,0.7846153846153846
DecisionTree,0.02649855613708496,0.006306171417236328,0.7758521818424352,0.7762855414398064,0.7782124124894846,0.7762855414398064,0.7642276422764228,0.7636363636363637,0.7241379310344828,0.7433628318584071,0.5262358897784776,0.7241379310344828,0.8
RandomForest,0.20501694679260254,0.009202098846435547,0.839337582040218,0.8393224440411373,0.8408130479455342,0.8393224440411373,0.8292682926829268,0.8627450980392157,0.7586206896551724,0.8073394495412844,0.6595573235960385,0.7586206896551724,0.8923076923076924
AdaBoost,0.34447426795959474,0.011899662017822266,0.8040189752500886,0.8044162129461585,0.8054214262393137,0.8044162129461585,0.7804878048780488,0.7627118644067796,0.7758620689655172,0.7692307692307693,0.5600319819617745,0.7758620689655172,0.7846153846153846
GradientBoosting,1.6300620079040526,0.006960153579711914,0.8351886922234947,0.8357531760435573,0.8378132353612268,0.8357531760435573,0.8048780487804879,0.8269230769230769,0.7413793103448276,0.7818181818181819,0.6092533340060483,0.7413793103448276,0.8615384615384616
ExtraTrees-ensemble,0.09978294372558594,0.009706926345825196,0.8777436445030233,0.8777979431336963,0.878622035858878,0.8777979431336963,0.8373983739837398,0.8518518518518519,0.7931034482758621,0.8214285714285714,0.6739710558117956,0.7931034482758621,0.8769230769230769
