algorithm,fit_time,score_time,F1_cv,recall_cv,precision_cv,accuracy_cv,accuracy_val,precision_val,recall_val,f1_val,matthews_corrcoef_val,sensitivity,specificity
SVC,0.026251745223999024,0.017740631103515626,0.3569438102802388,0.5209921355111917,0.27148249035923977,0.5209921355111917,0.4715447154471545,0.4715447154471545,1.0,0.6408839779005525,0.0,1.0,0.0
KNN,0.007901239395141601,0.013755178451538086,0.8212985775519626,0.8216575922565033,0.8235547503514835,0.8216575922565033,0.7967479674796748,0.746268656716418,0.8620689655172413,0.8,0.6019692853663788,0.8620689655172413,0.7384615384615385
DecisionTree,0.13257260322570802,0.009441852569580078,0.7214553200642466,0.7236539624924381,0.7286519707480782,0.7236539624924381,0.7723577235772358,0.734375,0.8103448275862069,0.7704918032786885,0.5483701706951781,0.8103448275862069,0.7384615384615385
RandomForest,0.3297910213470459,0.012756967544555664,0.842530130495622,0.8427102238354507,0.8446802099798998,0.8427102238354507,0.8373983739837398,0.8166666666666667,0.8448275862068966,0.8305084745762712,0.6747025785736367,0.8448275862068966,0.8307692307692308
AdaBoost,1.515756607055664,0.017130374908447266,0.832042394864523,0.8323049001814882,0.8334605226907346,0.8323049001814882,0.7967479674796748,0.7538461538461538,0.8448275862068966,0.7967479674796748,0.5986737400530504,0.8448275862068966,0.7538461538461538
GradientBoosting,7.617444610595703,0.00968184471130371,0.8353140162613497,0.835753176043557,0.8381938666235159,0.835753176043557,0.8455284552845529,0.819672131147541,0.8620689655172413,0.8403361344537815,0.6917381614096196,0.8620689655172413,0.8307692307692308
ExtraTrees-ensemble,0.11681418418884278,0.012435483932495116,0.8636245212593797,0.8637023593466425,0.864075651375764,0.8637023593466425,0.8536585365853658,0.8448275862068966,0.8448275862068966,0.8448275862068966,0.706366047745358,0.8448275862068966,0.8615384615384616
