algorithm,fit_time,score_time,F1_cv,recall_cv,precision_cv,accuracy_cv,accuracy_val,precision_val,recall_val,f1_val,matthews_corrcoef_val,sensitivity,specificity
SVC,0.00856156349182129,0.011774063110351562,0.8316203590329948,0.832183908045977,0.8419696358604443,0.832183908045977,0.7886178861788617,0.7857142857142857,0.7586206896551724,0.7719298245614035,0.5753805360127402,0.7586206896551724,0.8153846153846154
KNN,0.00251622200012207,0.009543228149414062,0.7962589041242333,0.7972776769509982,0.8011446261980042,0.7972776769509982,0.7723577235772358,0.7272727272727273,0.8275862068965517,0.7741935483870968,0.5512483194371954,0.8275862068965517,0.7230769230769231
DecisionTree,0.03191661834716797,0.006415796279907226,0.7598775175281884,0.7623714458560193,0.7696379271061667,0.7623714458560193,0.6829268292682927,0.6461538461538462,0.7241379310344828,0.6829268292682927,0.3702917771883289,0.7241379310344828,0.6461538461538462
RandomForest,0.2069322109222412,0.009616613388061523,0.8496214388493074,0.8497277676950997,0.8510989186718068,0.8497277676950997,0.8536585365853658,0.8571428571428571,0.8275862068965517,0.8421052631578947,0.7061971828326423,0.8275862068965517,0.8769230769230769
AdaBoost,0.3445780277252197,0.011695432662963866,0.8354120722361833,0.8358741681790685,0.8372605386729267,0.8358741681790685,0.7886178861788617,0.7666666666666667,0.7931034482758621,0.7796610169491526,0.5769541484622617,0.7931034482758621,0.7846153846153846
GradientBoosting,1.5801941394805907,0.006123971939086914,0.8319088632715698,0.8323049001814882,0.8340829152744351,0.8323049001814882,0.8130081300813008,0.7868852459016393,0.8275862068965517,0.8067226890756303,0.6265897740793108,0.8275862068965517,0.8
ExtraTrees-ensemble,0.09299631118774414,0.009669923782348632,0.856503157826954,0.8567453115547489,0.8589476932138369,0.8567453115547489,0.8780487804878049,0.864406779661017,0.8793103448275862,0.8717948717948718,0.7556323618424131,0.8793103448275862,0.8769230769230769
