algorithm,fit_time,score_time,F1_cv,recall_cv,precision_cv,accuracy_cv,accuracy_val,precision_val,recall_val,f1_val,matthews_corrcoef_val,sensitivity,specificity
SVC,0.007179832458496094,0.009955787658691406,0.8530091810422009,0.85329703569268,0.8552168594902334,0.85329703569268,0.8130081300813008,0.7777777777777778,0.8448275862068966,0.8099173553719008,0.6286098229113622,0.8448275862068966,0.7846153846153846
KNN,0.002517843246459961,0.009034204483032226,0.7846708828534572,0.7870538415003023,0.792976379583866,0.7870538415003023,0.8292682926829268,0.7846153846153846,0.8793103448275862,0.8292682926829268,0.6639257294429708,0.8793103448275862,0.7846153846153846
DecisionTree,0.02783856391906738,0.005669355392456055,0.7475574250451154,0.7481548699334544,0.7513795603079018,0.7481548699334544,0.7154471544715447,0.6949152542372882,0.7068965517241379,0.7008547008547008,0.42963172870801536,0.7068965517241379,0.7230769230769231
RandomForest,0.2071321964263916,0.00945439338684082,0.8425512472699055,0.8427707199032064,0.8451638737653413,0.8427707199032064,0.8373983739837398,0.8275862068965517,0.8275862068965517,0.8275862068965517,0.6737400530503979,0.8275862068965517,0.8461538461538461
AdaBoost,0.3452156066894531,0.011502313613891601,0.7640827424723808,0.7661222020568662,0.7707596469333194,0.7661222020568662,0.7886178861788617,0.75,0.8275862068965517,0.7868852459016393,0.5809702340086179,0.8275862068965517,0.7538461538461538
GradientBoosting,1.6082923412322998,0.006275081634521484,0.8038759886802259,0.8043557168784028,0.806014835873275,0.8043557168784028,0.7967479674796748,0.7538461538461538,0.8448275862068966,0.7967479674796748,0.5986737400530504,0.8448275862068966,0.7538461538461538
ExtraTrees-ensemble,0.09519639015197753,0.009633874893188477,0.8531366707176087,0.8532365396249244,0.8564662539253801,0.8532365396249244,0.8536585365853658,0.8448275862068966,0.8448275862068966,0.8448275862068966,0.706366047745358,0.8448275862068966,0.8615384615384616
