algorithm,fit_time,score_time,F1_cv,recall_cv,precision_cv,accuracy_cv,accuracy_val,precision_val,recall_val,f1_val,matthews_corrcoef_val,sensitivity,specificity
SVC,0.015650606155395506,0.012609195709228516,0.8316414494195152,0.8324258923169994,0.8414830921246528,0.8324258923169994,0.8292682926829268,0.8490566037735849,0.7758620689655172,0.8108108108108109,0.6580425608335816,0.7758620689655172,0.8769230769230769
KNN,0.003984975814819336,0.010921525955200195,0.733505736955568,0.7346642468239565,0.7397968495911205,0.7346642468239565,0.7479674796747967,0.7142857142857143,0.7758620689655172,0.743801652892562,0.4982785827628624,0.7758620689655172,0.7230769230769231
DecisionTree,0.013068103790283203,0.006695747375488281,0.7702879695793796,0.7728372655777374,0.783159613513486,0.7728372655777374,0.7235772357723578,0.6764705882352942,0.7931034482758621,0.7301587301587301,0.4564616979151369,0.7931034482758621,0.6615384615384615
RandomForest,0.13376917839050292,0.010695648193359376,0.831713033252061,0.8323653962492438,0.8384372162509196,0.8323653962492438,0.7967479674796748,0.8,0.7586206896551724,0.7787610619469026,0.5917490622913852,0.7586206896551724,0.8307692307692308
AdaBoost,0.14491381645202636,0.013875293731689452,0.8168523754172028,0.8182093163944343,0.8248185981720318,0.8182093163944343,0.7560975609756098,0.7121212121212122,0.8103448275862069,0.7580645161290323,0.5185876531121593,0.8103448275862069,0.7076923076923077
GradientBoosting,0.5837918758392334,0.00911698341369629,0.7999875411559086,0.8009074410163339,0.8044221182049178,0.8009074410163339,0.7804878048780488,0.746031746031746,0.8103448275862069,0.7768595041322314,0.5634442028371124,0.8103448275862069,0.7538461538461538
ExtraTrees-ensemble,0.09852399826049804,0.010346317291259765,0.8565929463647199,0.856745311554749,0.8601668981427192,0.856745311554749,0.8048780487804879,0.8148148148148148,0.7586206896551724,0.7857142857142857,0.6083349197351124,0.7586206896551724,0.8461538461538461
