algorithm,fit_time,score_time,F1_cv,recall_cv,precision_cv,accuracy_cv,accuracy_val,precision_val,recall_val,f1_val,matthews_corrcoef_val,sensitivity,specificity
SVC,0.009099864959716797,0.012132024765014649,0.3569438102802388,0.5209921355111917,0.27148249035923977,0.5209921355111917,0.4715447154471545,0.4715447154471545,1.0,0.6408839779005525,0.0,1.0,0.0
KNN,0.002434110641479492,0.010337495803833007,0.8180837088395194,0.8181488203266788,0.8198003648230507,0.8181488203266788,0.7398373983739838,0.7166666666666667,0.7413793103448276,0.7288135593220338,0.4792057183508868,0.7413793103448276,0.7384615384615385
DecisionTree,0.014860868453979492,0.0065253257751464845,0.8041874606915019,0.8044162129461585,0.8063794192968421,0.8044162129461585,0.7560975609756098,0.7058823529411765,0.8275862068965517,0.7619047619047619,0.5219748704280446,0.8275862068965517,0.6923076923076923
RandomForest,0.18745594024658202,0.010862445831298828,0.8461689997657478,0.8462189957652753,0.8469333962097852,0.8462189957652753,0.8617886178861789,0.8596491228070176,0.8448275862068966,0.8521739130434782,0.7225176672392142,0.8448275862068966,0.8769230769230769
AdaBoost,0.19441118240356445,0.011984777450561524,0.8106437420761251,0.8113127646702963,0.8130430864428314,0.8113127646702963,0.8455284552845529,0.819672131147541,0.8620689655172413,0.8403361344537815,0.6917381614096196,0.8620689655172413,0.8307692307692308
GradientBoosting,0.7770461082458496,0.006224632263183594,0.8252493786848006,0.8253478523895946,0.8261829883456251,0.8253478523895946,0.8617886178861789,0.8360655737704918,0.8793103448275862,0.8571428571428571,0.724312355074774,0.8793103448275862,0.8461538461538461
ExtraTrees-ensemble,0.0864936351776123,0.009639453887939454,0.8426798354611744,0.8427102238354507,0.8439654709759896,0.8427102238354507,0.8292682926829268,0.8245614035087719,0.8103448275862069,0.8173913043478261,0.657196334589142,0.8103448275862069,0.8461538461538461
